<meta>
    <info name="Scoreboard" author="Guadmaz" type="script" />
    
    <script src="scoreboard.cs" type="server" lang="csharp" />    
    <script src="ScoreboardClient.js" type="client" lang="javascript" />

    <script src="FlyingScore.cs" type="server" lang="csharp" />
    <script src="FlyingScore.js" type="client" lang="javascript" />

    <export class="ScoreboardScript" function="addScoreboardColumn" />
    <export class="ScoreboardScript" function="removeScoreboardColumn" />
    <export class="ScoreboardScript" function="setPlayerScoreboardData" />
    <export class="ScoreboardScript" function="resetColumnData" />
    <export class="ScoreboardScript" function="resetAllColumns" />
</meta>