﻿<meta>
  <file src="GTAPilotsPeds.csproj" />
  <script src="PedsClient.js" type="client" lang="javascript" />
  <script src="PedsServer.cs" type="server" lang="csharp" />
  <file src="tsconfig.json" />
  <file src="obj/Debug/CoreCompileInputs.cache" />
  <file src="obj/Debug/DesignTimeResolveAssemblyReferencesInput.cache" />
  <script src="obj/Debug/TemporaryGeneratedFile_036C0B5B-1481-4323-8D20-8F5ADCB23D92.cs" type="server" lang="csharp" />
  <script src="obj/Debug/TemporaryGeneratedFile_5937a670-0e60-4077-877b-f7221da3dda1.cs" type="server" lang="csharp" />
  <script src="obj/Debug/TemporaryGeneratedFile_E7A71F73-0F8D-4B9B-B56E-8E70B10BC5D3.cs" type="server" lang="csharp" />
  <script src="Properties/AssemblyInfo.cs" type="server" lang="csharp" />
  <script src="types-gtanetwork/Enums.js" type="client" lang="javascript" />
</meta>