<?xml version="1.0"?>
<acl xmlns:xsd="http://www.w3.org/2001/XMLSchema" xmlns:xsi="http://www.w3.org/2001/XMLSchema-instance">
  <group name="Everyone">
    <acl name="Default" />
    <object name="user.*" />
    <object name="resource.*" />
  </group>
  <group name="Moderator">
    <acl name="Moderator" />
  </group>
  <group name="Admin">
    <acl name="Moderator" />
    <acl name="Admin" />
    <object name="user.Rehabarians" password="Bla"/>
    <object name="user.Schiehsl3" />
    <object name="user.WolfVenator" />
  </group>
  <acl name="Default">
    <right name="command.kickCommand" access="false" />
    <right name="command.banCommand" access="false" />
    <right name="command.stop" access="false" />
    <right name="command.start" access="false" />
    <right name="command.restart" access="false" />
    <right name="command.kill" access="false" />
    <right name="command.forcemap" access="false" />
    <right name="command.ghostmode" access="false" />
    <right name="command.setweather" access="false" />
    <right name="command.blackout" access="false" />
    <right name="command.spectate" access="false" />
    <right name="command.unbanCommand" access="false" />

  </acl>
  <acl name="Moderator">
    <right name="command.kickCommand" access="true" />
    <right name="command.banCommand" access="true" />
    <right name="command.kill" access="true" />
    <right name="command.ghostmode" access="true" />
    <right name="command.setweather" access="true" />
    <right name="command.blackout" access="true" />
    <right name="command.spectateCommand" access="true" />
    <right name="command.unbanCommand" access="false" />

  </acl>
  <acl name="Admin">
    <right name="command.stop" access="true" />
    <right name="command.start" access="true" />
    <right name="command.restart" access="true" />
    <right name="command.unbanCommand" access="true" />
  </acl>
</acl>